"REF_DATE","GEO","DGUID","Age","Sex","UOM","UOM_ID","SCALAR_FACTOR","SCALAR_ID","VECTOR","COORDINATE","VALUE","STATUS","SYMBOL","TERMINATED","DECIMALS"
"2002/2003","Canada","2016A000011124","Total, age","Total, sex","Number","223","units","0","v65926716","1.1.1","307899","","","","0"
"2003/2004","Canada","2016A000011124","Total, age","Total, sex","Number","223","units","0","v65926716","1.1.1","286344","","","","0"
"2004/2005","Canada","2016A000011124","Total, age","Total, sex","Number","223","units","0","v65926716","1.1.1","288921","","","","0"
"2005/2006","Canada","2016A000011124","Total, age","Total, sex","Number","223","units","0","v65926716","1.1.1","285111","","","","0"
"2006/2007","Canada","2016A000011124","Total, age","Total, sex","Number","223","units","0","v65926716","1.1.1","293145","","","","0"
"2007/2008","Canada","2016A000011124","Total, age","Total, sex","Number","223","units","0","v65926716","1.1.1","303711","","","","0"
"2008/2009","Canada","2016A000011124","Total, age","Total, sex","Number","223","units","0","v65926716","1.1.1","314196","","","","0"
"2009/2010","Canada","2016A000011124","Total, age","Total, sex","Number","223","units","0","v65926716","1.1.1","320616","","","","0"
"2010/2011","Canada","2016A000011124","Total, age","Total, sex","Number","223","units","0","v65926716","1.1.1","320718","","","","0"
"2011/2012","Canada","2016A000011124","Total, age","Total, sex","Number","223","units","0","v65926716","1.1.1","322257","","","","0"
"2012/2013","Canada","2016A000011124","Total, age","Total, sex","Number","223","units","0","v65926716","1.1.1","322824","","","","0"
"2013/2014","Canada","2016A000011124","Total, age","Total, sex","Number","223","units","0","v65926716","1.1.1","318843","","","","0"
"2014/2015","Canada","2016A000011124","Total, age","Total, sex","Number","223","units","0","v65926716","1.1.1","311595","","","","0"
"2015/2016","Canada","2016A000011124","Total, age","Total, sex","Number","223","units","0","v65926716","1.1.1","309747","","","","0"
"2016/2017","Canada","2016A000011124","Total, age","Total, sex","Number","223","units","0","v65926716","1.1.1","308781","","","","0"
"2017/2018","Canada","2016A000011124","Total, age","Total, sex","Number","223","units","0","v65926716","1.1.1","307896","","","","0"
"2018/2019","Canada","2016A000011124","Total, age","Total, sex","Number","223","units","0","v65926716","1.1.1","311493","","","","0"
"2002/2003","Newfoundland and Labrador","2016A000210","Total, age","Total, sex","Number","223","units","0","v65926740","2.1.1","5865","","","","0"
"2003/2004","Newfoundland and Labrador","2016A000210","Total, age","Total, sex","Number","223","units","0","v65926740","2.1.1","5559","","","","0"
"2004/2005","Newfoundland and Labrador","2016A000210","Total, age","Total, sex","Number","223","units","0","v65926740","2.1.1","5421","","","","0"
"2005/2006","Newfoundland and Labrador","2016A000210","Total, age","Total, sex","Number","223","units","0","v65926740","2.1.1","5169","","","","0"
"2006/2007","Newfoundland and Labrador","2016A000210","Total, age","Total, sex","Number","223","units","0","v65926740","2.1.1","5292","","","","0"
"2007/2008","Newfoundland and Labrador","2016A000210","Total, age","Total, sex","Number","223","units","0","v65926740","2.1.1","5232","","","","0"
"2008/2009","Newfoundland and Labrador","2016A000210","Total, age","Total, sex","Number","223","units","0","v65926740","2.1.1","4905","","","","0"
"2009/2010","Newfoundland and Labrador","2016A000210","Total, age","Total, sex","Number","223","units","0","v65926740","2.1.1","4992","","","","0"
"2010/2011","Newfoundland and Labrador","2016A000210","Total, age","Total, sex","Number","223","units","0","v65926740","2.1.1","4524","","","","0"
"2011/2012","Newfoundland and Labrador","2016A000210","Total, age","Total, sex","Number","223","units","0","v65926740","2.1.1","4827","","","","0"
"2012/2013","Newfoundland and Labrador","2016A000210","Total, age","Total, sex","Number","223","units","0","v65926740","2.1.1","4677","","","","0"
"2013/2014","Newfoundland and Labrador","2016A000210","Total, age","Total, sex","Number","223","units","0","v65926740","2.1.1","4665","","","","0"
"2014/2015","Newfoundland and Labrador","2016A000210","Total, age","Total, sex","Number","223","units","0","v65926740","2.1.1","4626","","","","0"
"2015/2016","Newfoundland and Labrador","2016A000210","Total, age","Total, sex","Number","223","units","0","v65926740","2.1.1","4593","","","","0"
"2016/2017","Newfoundland and Labrador","2016A000210","Total, age","Total, sex","Number","223","units","0","v65926740","2.1.1","4566","","","","0"
"2017/2018","Newfoundland and Labrador","2016A000210","Total, age","Total, sex","Number","223","units","0","v65926740","2.1.1","4470","","","","0"
"2018/2019","Newfoundland and Labrador","2016A000210","Total, age","Total, sex","Number","223","units","0","v65926740","2.1.1","4488","","","","0"
"2002/2003","Prince Edward Island","2016A000211","Total, age","Total, sex","Number","223","units","0","v65926764","3.1.1","1752","","","","0"
"2003/2004","Prince Edward Island","2016A000211","Total, age","Total, sex","Number","223","units","0","v65926764","3.1.1","1734","","","","0"
"2004/2005","Prince Edward Island","2016A000211","Total, age","Total, sex","Number","223","units","0","v65926764","3.1.1","1695","","","","0"
"2005/2006","Prince Edward Island","2016A000211","Total, age","Total, sex","Number","223","units","0","v65926764","3.1.1","1737","","","","0"
"2006/2007","Prince Edward Island","2016A000211","Total, age","Total, sex","Number","223","units","0","v65926764","3.1.1","1746","","","","0"
"2007/2008","Prince Edward Island","2016A000211","Total, age","Total, sex","Number","223","units","0","v65926764","3.1.1","1770","","","","0"
"2008/2009","Prince Edward Island","2016A000211","Total, age","Total, sex","Number","223","units","0","v65926764","3.1.1","1764","","","","0"
"2009/2010","Prince Edward Island","2016A000211","Total, age","Total, sex","Number","223","units","0","v65926764","3.1.1","1737","","","","0"
"2010/2011","Prince Edward Island","2016A000211","Total, age","Total, sex","Number","223","units","0","v65926764","3.1.1","1725","","","","0"
"2011/2012","Prince Edward Island","2016A000211","Total, age","Total, sex","Number","223","units","0","v65926764","3.1.1","1644","","","","0"
"2012/2013","Prince Edward Island","2016A000211","Total, age","Total, sex","Number","223","units","0","v65926764","3.1.1","1689","","","","0"
"2013/2014","Prince Edward Island","2016A000211","Total, age","Total, sex","Number","223","units","0","v65926764","3.1.1","1641","","","","0"
"2014/2015","Prince Edward Island","2016A000211","Total, age","Total, sex","Number","223","units","0","v65926764","3.1.1","1578","","","","0"
"2015/2016","Prince Edward Island","2016A000211","Total, age","Total, sex","Number","223","units","0","v65926764","3.1.1","1485","","","","0"
"2016/2017","Prince Edward Island","2016A000211","Total, age","Total, sex","Number","223","units","0","v65926764","3.1.1","1389","","","","0"
"2017/2018","Prince Edward Island","2016A000211","Total, age","Total, sex","Number","223","units","0","v65926764","3.1.1","1482","","","","0"
"2018/2019","Prince Edward Island","2016A000211","Total, age","Total, sex","Number","223","units","0","v65926764","3.1.1","1413","","","","0"
"2002/2003","Nova Scotia","2016A000212","Total, age","Total, sex","Number","223","units","0","v65926788","4.1.1","10350","","","","0"
"2003/2004","Nova Scotia","2016A000212","Total, age","Total, sex","Number","223","units","0","v65926788","4.1.1","10443","","","","0"
"2004/2005","Nova Scotia","2016A000212","Total, age","Total, sex","Number","223","units","0","v65926788","4.1.1","10359","","","","0"
"2005/2006","Nova Scotia","2016A000212","Total, age","Total, sex","Number","223","units","0","v65926788","4.1.1","10242","","","","0"
"2006/2007","Nova Scotia","2016A000212","Total, age","Total, sex","Number","223","units","0","v65926788","4.1.1","10371","","","","0"
"2007/2008","Nova Scotia","2016A000212","Total, age","Total, sex","Number","223","units","0","v65926788","4.1.1","10503","","","","0"
"2008/2009","Nova Scotia","2016A000212","Total, age","Total, sex","Number","223","units","0","v65926788","4.1.1","10239","","","","0"
"2009/2010","Nova Scotia","2016A000212","Total, age","Total, sex","Number","223","units","0","v65926788","4.1.1","10158","","","","0"
"2010/2011","Nova Scotia","2016A000212","Total, age","Total, sex","Number","223","units","0","v65926788","4.1.1","10104","","","","0"
"2011/2012","Nova Scotia","2016A000212","Total, age","Total, sex","Number","223","units","0","v65926788","4.1.1","9789","","","","0"
"2012/2013","Nova Scotia","2016A000212","Total, age","Total, sex","Number","223","units","0","v65926788","4.1.1","9552","","","","0"
"2013/2014","Nova Scotia","2016A000212","Total, age","Total, sex","Number","223","units","0","v65926788","4.1.1","9447","","","","0"
"2014/2015","Nova Scotia","2016A000212","Total, age","Total, sex","Number","223","units","0","v65926788","4.1.1","9222","","","","0"
"2015/2016","Nova Scotia","2016A000212","Total, age","Total, sex","Number","223","units","0","v65926788","4.1.1","8856","","","","0"
"2016/2017","Nova Scotia","2016A000212","Total, age","Total, sex","Number","223","units","0","v65926788","4.1.1","8784","","","","0"
"2017/2018","Nova Scotia","2016A000212","Total, age","Total, sex","Number","223","units","0","v65926788","4.1.1","8847","","","","0"
"2018/2019","Nova Scotia","2016A000212","Total, age","Total, sex","Number","223","units","0","v65926788","4.1.1","8742","","","","0"
"2002/2003","New Brunswick","2016A000213","Total, age","Total, sex","Number","223","units","0","v65926812","5.1.1","8289","","","","0"
"2003/2004","New Brunswick","2016A000213","Total, age","Total, sex","Number","223","units","0","v65926812","5.1.1","7995","","","","0"
"2004/2005","New Brunswick","2016A000213","Total, age","Total, sex","Number","223","units","0","v65926812","5.1.1","8199","","","","0"
"2005/2006","New Brunswick","2016A000213","Total, age","Total, sex","Number","223","units","0","v65926812","5.1.1","8298","","","","0"
"2006/2007","New Brunswick","2016A000213","Total, age","Total, sex","Number","223","units","0","v65926812","5.1.1","7977","","","","0"
"2007/2008","New Brunswick","2016A000213","Total, age","Total, sex","Number","223","units","0","v65926812","5.1.1","8031","","","","0"
"2008/2009","New Brunswick","2016A000213","Total, age","Total, sex","Number","223","units","0","v65926812","5.1.1","8094","","","","0"
"2009/2010","New Brunswick","2016A000213","Total, age","Total, sex","Number","223","units","0","v65926812","5.1.1","8250","","","","0"
"2010/2011","New Brunswick","2016A000213","Total, age","Total, sex","Number","223","units","0","v65926812","5.1.1","7851","","","","0"
"2011/2012","New Brunswick","2016A000213","Total, age","Total, sex","Number","223","units","0","v65926812","5.1.1","7797","","","","0"
"2012/2013","New Brunswick","2016A000213","Total, age","Total, sex","Number","223","units","0","v65926812","5.1.1","7719","","","","0"
"2013/2014","New Brunswick","2016A000213","Total, age","Total, sex","Number","223","units","0","v65926812","5.1.1","7416","","","","0"
"2014/2015","New Brunswick","2016A000213","Total, age","Total, sex","Number","223","units","0","v65926812","5.1.1","7176","","","","0"
"2015/2016","New Brunswick","2016A000213","Total, age","Total, sex","Number","223","units","0","v65926812","5.1.1","7269","","","","0"
"2016/2017","New Brunswick","2016A000213","Total, age","Total, sex","Number","223","units","0","v65926812","5.1.1","7059","","","","0"
"2017/2018","New Brunswick","2016A000213","Total, age","Total, sex","Number","223","units","0","v65926812","5.1.1","7011","","","","0"
"2018/2019","New Brunswick","2016A000213","Total, age","Total, sex","Number","223","units","0","v65926812","5.1.1","6813","","","","0"
"2002/2003","Quebec","2016A000224","Total, age","Total, sex","Number","223","units","0","v65926836","6.1.1","44247","","","","0"
"2003/2004","Quebec","2016A000224","Total, age","Total, sex","Number","223","units","0","v65926836","6.1.1","44565","","","","0"
"2004/2005","Quebec","2016A000224","Total, age","Total, sex","Number","223","units","0","v65926836","6.1.1","44919","","","","0"
"2005/2006","Quebec","2016A000224","Total, age","Total, sex","Number","223","units","0","v65926836","6.1.1","46527","","","","0"
"2006/2007","Quebec","2016A000224","Total, age","Total, sex","Number","223","units","0","v65926836","6.1.1","46914","","","","0"
"2007/2008","Quebec","2016A000224","Total, age","Total, sex","Number","223","units","0","v65926836","6.1.1","50421","","","","0"
"2008/2009","Quebec","2016A000224","Total, age","Total, sex","Number","223","units","0","v65926836","6.1.1","50964","","","","0"
"2009/2010","Quebec","2016A000224","Total, age","Total, sex","Number","223","units","0","v65926836","6.1.1","50088","","","","0"
"2010/2011","Quebec","2016A000224","Total, age","Total, sex","Number","223","units","0","v65926836","6.1.1","49590","","","","0"
"2011/2012","Quebec","2016A000224","Total, age","Total, sex","Number","223","units","0","v65926836","6.1.1","48240","","","","0"
"2012/2013","Quebec","2016A000224","Total, age","Total, sex","Number","223","units","0","v65926836","6.1.1","47013","","","","0"
"2013/2014","Quebec","2016A000224","Total, age","Total, sex","Number","223","units","0","v65926836","6.1.1","46905","","","","0"
"2014/2015","Quebec","2016A000224","Total, age","Total, sex","Number","223","units","0","v65926836","6.1.1","45738","","","","0"
"2015/2016","Quebec","2016A000224","Total, age","Total, sex","Number","223","units","0","v65926836","6.1.1","45528","","","","0"
"2016/2017","Quebec","2016A000224","Total, age","Total, sex","Number","223","units","0","v65926836","6.1.1","45387","","","","0"
"2017/2018","Quebec","2016A000224","Total, age","Total, sex","Number","223","units","0","v65926836","6.1.1","46239","","","","0"
"2018/2019","Quebec","2016A000224","Total, age","Total, sex","Number","223","units","0","v65926836","6.1.1","46110","","","","0"
"2002/2003","Ontario","2016A000235","Total, age","Total, sex","Number","223","units","0","v65926860","7.1.1","143187","","","","0"
"2003/2004","Ontario","2016A000235","Total, age","Total, sex","Number","223","units","0","v65926860","7.1.1","123237","","","","0"
"2004/2005","Ontario","2016A000235","Total, age","Total, sex","Number","223","units","0","v65926860","7.1.1","124902","","","","0"
"2005/2006","Ontario","2016A000235","Total, age","Total, sex","Number","223","units","0","v65926860","7.1.1","118101","","","","0"
"2006/2007","Ontario","2016A000235","Total, age","Total, sex","Number","223","units","0","v65926860","7.1.1","126048","","","","0"
"2007/2008","Ontario","2016A000235","Total, age","Total, sex","Number","223","units","0","v65926860","7.1.1","131283","","","","0"
"2008/2009","Ontario","2016A000235","Total, age","Total, sex","Number","223","units","0","v65926860","7.1.1","141570","","","","0"
"2009/2010","Ontario","2016A000235","Total, age","Total, sex","Number","223","units","0","v65926860","7.1.1","147330","","","","0"
"2010/2011","Ontario","2016A000235","Total, age","Total, sex","Number","223","units","0","v65926860","7.1.1","147075","","","","0"
"2011/2012","Ontario","2016A000235","Total, age","Total, sex","Number","223","units","0","v65926860","7.1.1","149139","","","","0"
"2012/2013","Ontario","2016A000235","Total, age","Total, sex","Number","223","units","0","v65926860","7.1.1","151704","","","","0"
"2013/2014","Ontario","2016A000235","Total, age","Total, sex","Number","223","units","0","v65926860","7.1.1","149502","","","","0"
"2014/2015","Ontario","2016A000235","Total, age","Total, sex","Number","223","units","0","v65926860","7.1.1","145383","","","","0"
"2015/2016","Ontario","2016A000235","Total, age","Total, sex","Number","223","units","0","v65926860","7.1.1","142806","","","","0"
"2016/2017","Ontario","2016A000235","Total, age","Total, sex","Number","223","units","0","v65926860","7.1.1","141849","","","","0"
"2017/2018","Ontario","2016A000235","Total, age","Total, sex","Number","223","units","0","v65926860","7.1.1","139179","","","","0"
"2018/2019","Ontario","2016A000235","Total, age","Total, sex","Number","223","units","0","v65926860","7.1.1","143301","","","","0"
"2002/2003","Manitoba","2016A000246","Total, age","Total, sex","Number","223","units","0","v65926884","8.1.1","10722","","","","0"
"2003/2004","Manitoba","2016A000246","Total, age","Total, sex","Number","223","units","0","v65926884","8.1.1","11028","","","","0"
"2004/2005","Manitoba","2016A000246","Total, age","Total, sex","Number","223","units","0","v65926884","8.1.1","10809","","","","0"
"2005/2006","Manitoba","2016A000246","Total, age","Total, sex","Number","223","units","0","v65926884","8.1.1","10917","","","","0"
"2006/2007","Manitoba","2016A000246","Total, age","Total, sex","Number","223","units","0","v65926884","8.1.1","11250","","","","0"
"2007/2008","Manitoba","2016A000246","Total, age","Total, sex","Number","223","units","0","v65926884","8.1.1","11472","","","","0"
"2008/2009","Manitoba","2016A000246","Total, age","Total, sex","Number","223","units","0","v65926884","8.1.1","11457","","","","0"
"2009/2010","Manitoba","2016A000246","Total, age","Total, sex","Number","223","units","0","v65926884","8.1.1","11235","","","","0"
"2010/2011","Manitoba","2016A000246","Total, age","Total, sex","Number","223","units","0","v65926884","8.1.1","11643","","","","0"
"2011/2012","Manitoba","2016A000246","Total, age","Total, sex","Number","223","units","0","v65926884","8.1.1","11961","","","","0"
"2012/2013","Manitoba","2016A000246","Total, age","Total, sex","Number","223","units","0","v65926884","8.1.1","11988","","","","0"
"2013/2014","Manitoba","2016A000246","Total, age","Total, sex","Number","223","units","0","v65926884","8.1.1","11985","","","","0"
"2014/2015","Manitoba","2016A000246","Total, age","Total, sex","Number","223","units","0","v65926884","8.1.1","11463","","","","0"
"2015/2016","Manitoba","2016A000246","Total, age","Total, sex","Number","223","units","0","v65926884","8.1.1","11553","","","","0"
"2016/2017","Manitoba","2016A000246","Total, age","Total, sex","Number","223","units","0","v65926884","8.1.1","11595","","","","0"
"2017/2018","Manitoba","2016A000246","Total, age","Total, sex","Number","223","units","0","v65926884","8.1.1","11814","","","","0"
"2018/2019","Manitoba","2016A000246","Total, age","Total, sex","Number","223","units","0","v65926884","8.1.1","11943","","","","0"
"2002/2003","Saskatchewan","2016A000247","Total, age","Total, sex","Number","223","units","0","v65926908","9.1.1","11493","","","","0"
"2003/2004","Saskatchewan","2016A000247","Total, age","Total, sex","Number","223","units","0","v65926908","9.1.1","11100","","","","0"
"2004/2005","Saskatchewan","2016A000247","Total, age","Total, sex","Number","223","units","0","v65926908","9.1.1","11094","","","","0"
"2005/2006","Saskatchewan","2016A000247","Total, age","Total, sex","Number","223","units","0","v65926908","9.1.1","11085","","","","0"
"2006/2007","Saskatchewan","2016A000247","Total, age","Total, sex","Number","223","units","0","v65926908","9.1.1","10998","","","","0"
"2007/2008","Saskatchewan","2016A000247","Total, age","Total, sex","Number","223","units","0","v65926908","9.1.1","10980","","","","0"
"2008/2009","Saskatchewan","2016A000247","Total, age","Total, sex","Number","223","units","0","v65926908","9.1.1","10602","","","","0"
"2009/2010","Saskatchewan","2016A000247","Total, age","Total, sex","Number","223","units","0","v65926908","9.1.1","10398","","","","0"
"2010/2011","Saskatchewan","2016A000247","Total, age","Total, sex","Number","223","units","0","v65926908","9.1.1","10101","","","","0"
"2011/2012","Saskatchewan","2016A000247","Total, age","Total, sex","Number","223","units","0","v65926908","9.1.1","10152","","","","0"
"2012/2013","Saskatchewan","2016A000247","Total, age","Total, sex","Number","223","units","0","v65926908","9.1.1","10080","","","","0"
"2013/2014","Saskatchewan","2016A000247","Total, age","Total, sex","Number","223","units","0","v65926908","9.1.1","10020","","","","0"
"2014/2015","Saskatchewan","2016A000247","Total, age","Total, sex","Number","223","units","0","v65926908","9.1.1","9822","","","","0"
"2015/2016","Saskatchewan","2016A000247","Total, age","Total, sex","Number","223","units","0","v65926908","9.1.1","9966","","","","0"
"2016/2017","Saskatchewan","2016A000247","Total, age","Total, sex","Number","223","units","0","v65926908","9.1.1","10125","","","","0"
"2017/2018","Saskatchewan","2016A000247","Total, age","Total, sex","Number","223","units","0","v65926908","9.1.1","10053","","","","0"
"2018/2019","Saskatchewan","2016A000247","Total, age","Total, sex","Number","223","units","0","v65926908","9.1.1","10203","","","","0"
"2002/2003","Alberta","2016A000248","Total, age","Total, sex","Number","223","units","0","v65926932","10.1.1","30342","","","","0"
"2003/2004","Alberta","2016A000248","Total, age","Total, sex","Number","223","units","0","v65926932","10.1.1","31044","","","","0"
"2004/2005","Alberta","2016A000248","Total, age","Total, sex","Number","223","units","0","v65926932","10.1.1","30801","","","","0"
"2005/2006","Alberta","2016A000248","Total, age","Total, sex","Number","223","units","0","v65926932","10.1.1","31176","","","","0"
"2006/2007","Alberta","2016A000248","Total, age","Total, sex","Number","223","units","0","v65926932","10.1.1","32187","","","","0"
"2007/2008","Alberta","2016A000248","Total, age","Total, sex","Number","223","units","0","v65926932","10.1.1","32382","","","","0"
"2008/2009","Alberta","2016A000248","Total, age","Total, sex","Number","223","units","0","v65926932","10.1.1","32646","","","","0"
"2009/2010","Alberta","2016A000248","Total, age","Total, sex","Number","223","units","0","v65926932","10.1.1","33441","","","","0"
"2010/2011","Alberta","2016A000248","Total, age","Total, sex","Number","223","units","0","v65926932","10.1.1","35631","","","","0"
"2011/2012","Alberta","2016A000248","Total, age","Total, sex","Number","223","units","0","v65926932","10.1.1","35745","","","","0"
"2012/2013","Alberta","2016A000248","Total, age","Total, sex","Number","223","units","0","v65926932","10.1.1","35979","","","","0"
"2013/2014","Alberta","2016A000248","Total, age","Total, sex","Number","223","units","0","v65926932","10.1.1","36339","","","","0"
"2014/2015","Alberta","2016A000248","Total, age","Total, sex","Number","223","units","0","v65926932","10.1.1","36453","","","","0"
"2015/2016","Alberta","2016A000248","Total, age","Total, sex","Number","223","units","0","v65926932","10.1.1","38016","","","","0"
"2016/2017","Alberta","2016A000248","Total, age","Total, sex","Number","223","units","0","v65926932","10.1.1","38400","","","","0"
"2017/2018","Alberta","2016A000248","Total, age","Total, sex","Number","223","units","0","v65926932","10.1.1","38688","","","","0"
"2018/2019","Alberta","2016A000248","Total, age","Total, sex","Number","223","units","0","v65926932","10.1.1","38793","","","","0"
"2002/2003","British Columbia","2016A000259","Total, age","Total, sex","Number","223","units","0","v65926956","11.1.1","40971","","","","0"
"2003/2004","British Columbia","2016A000259","Total, age","Total, sex","Number","223","units","0","v65926956","11.1.1","38880","","","","0"
"2004/2005","British Columbia","2016A000259","Total, age","Total, sex","Number","223","units","0","v65926956","11.1.1","39870","","","","0"
"2005/2006","British Columbia","2016A000259","Total, age","Total, sex","Number","223","units","0","v65926956","11.1.1","40992","","","","0"
"2006/2007","British Columbia","2016A000259","Total, age","Total, sex","Number","223","units","0","v65926956","11.1.1","39477","","","","0"
"2007/2008","British Columbia","2016A000259","Total, age","Total, sex","Number","223","units","0","v65926956","11.1.1","40662","","","","0"
"2008/2009","British Columbia","2016A000259","Total, age","Total, sex","Number","223","units","0","v65926956","11.1.1","40953","","","","0"
"2009/2010","British Columbia","2016A000259","Total, age","Total, sex","Number","223","units","0","v65926956","11.1.1","42003","","","","0"
"2010/2011","British Columbia","2016A000259","Total, age","Total, sex","Number","223","units","0","v65926956","11.1.1","41532","","","","0"
"2011/2012","British Columbia","2016A000259","Total, age","Total, sex","Number","223","units","0","v65926956","11.1.1","41994","","","","0"
"2012/2013","British Columbia","2016A000259","Total, age","Total, sex","Number","223","units","0","v65926956","11.1.1","41505","","","","0"
"2013/2014","British Columbia","2016A000259","Total, age","Total, sex","Number","223","units","0","v65926956","11.1.1","39954","","","","0"
"2014/2015","British Columbia","2016A000259","Total, age","Total, sex","Number","223","units","0","v65926956","11.1.1","39201","","","","0"
"2015/2016","British Columbia","2016A000259","Total, age","Total, sex","Number","223","units","0","v65926956","11.1.1","38772","","","","0"
"2016/2017","British Columbia","2016A000259","Total, age","Total, sex","Number","223","units","0","v65926956","11.1.1","38667","","","","0"
"2017/2018","British Columbia","2016A000259","Total, age","Total, sex","Number","223","units","0","v65926956","11.1.1","39189","","","","0"
"2018/2019","British Columbia","2016A000259","Total, age","Total, sex","Number","223","units","0","v65926956","11.1.1","38823","","","","0"
"2002/2003","Yukon","2016A000260","Total, age","Total, sex","Number","223","units","0","v65926980","12.1.1","264","","","","0"
"2003/2004","Yukon","2016A000260","Total, age","Total, sex","Number","223","units","0","v65926980","12.1.1","315","","","","0"
"2004/2005","Yukon","2016A000260","Total, age","Total, sex","Number","223","units","0","v65926980","12.1.1","318","","","","0"
"2005/2006","Yukon","2016A000260","Total, age","Total, sex","Number","223","units","0","v65926980","12.1.1","321","","","","0"
"2006/2007","Yukon","2016A000260","Total, age","Total, sex","Number","223","units","0","v65926980","12.1.1","315","","","","0"
"2007/2008","Yukon","2016A000260","Total, age","Total, sex","Number","223","units","0","v65926980","12.1.1","348","","","","0"
"2008/2009","Yukon","2016A000260","Total, age","Total, sex","Number","223","units","0","v65926980","12.1.1","324","","","","0"
"2009/2010","Yukon","2016A000260","Total, age","Total, sex","Number","223","units","0","v65926980","12.1.1","342","","","","0"
"2010/2011","Yukon","2016A000260","Total, age","Total, sex","Number","223","units","0","v65926980","12.1.1","312","","","","0"
"2011/2012","Yukon","2016A000260","Total, age","Total, sex","Number","223","units","0","v65926980","12.1.1","336","","","","0"
"2012/2013","Yukon","2016A000260","Total, age","Total, sex","Number","223","units","0","v65926980","12.1.1","258","","","","0"
"2013/2014","Yukon","2016A000260","Total, age","Total, sex","Number","223","units","0","v65926980","12.1.1","309","","","","0"
"2014/2015","Yukon","2016A000260","Total, age","Total, sex","Number","223","units","0","v65926980","12.1.1","312","","","","0"
"2015/2016","Yukon","2016A000260","Total, age","Total, sex","Number","223","units","0","v65926980","12.1.1","291","","","","0"
"2016/2017","Yukon","2016A000260","Total, age","Total, sex","Number","223","units","0","v65926980","12.1.1","306","","","","0"
"2017/2018","Yukon","2016A000260","Total, age","Total, sex","Number","223","units","0","v65926980","12.1.1","324","","","","0"
"2018/2019","Yukon","2016A000260","Total, age","Total, sex","Number","223","units","0","v65926980","12.1.1","264","","","","0"
"2002/2003","Northwest Territories","2016A000261","Total, age","Total, sex","Number","223","units","0","v65927004","13.1.1","282","","","","0"
"2003/2004","Northwest Territories","2016A000261","Total, age","Total, sex","Number","223","units","0","v65927004","13.1.1","303","","","","0"
"2004/2005","Northwest Territories","2016A000261","Total, age","Total, sex","Number","223","units","0","v65927004","13.1.1","354","","","","0"
"2005/2006","Northwest Territories","2016A000261","Total, age","Total, sex","Number","223","units","0","v65927004","13.1.1","366","","","","0"
"2006/2007","Northwest Territories","2016A000261","Total, age","Total, sex","Number","223","units","0","v65927004","13.1.1","372","","","","0"
"2007/2008","Northwest Territories","2016A000261","Total, age","Total, sex","Number","223","units","0","v65927004","13.1.1","423","","","","0"
"2008/2009","Northwest Territories","2016A000261","Total, age","Total, sex","Number","223","units","0","v65927004","13.1.1","432","","","","0"
"2009/2010","Northwest Territories","2016A000261","Total, age","Total, sex","Number","223","units","0","v65927004","13.1.1","405","","","","0"
"2010/2011","Northwest Territories","2016A000261","Total, age","Total, sex","Number","223","units","0","v65927004","13.1.1","396","","","","0"
"2011/2012","Northwest Territories","2016A000261","Total, age","Total, sex","Number","223","units","0","v65927004","13.1.1","393","","","","0"
"2012/2013","Northwest Territories","2016A000261","Total, age","Total, sex","Number","223","units","0","v65927004","13.1.1","438","","","","0"
"2013/2014","Northwest Territories","2016A000261","Total, age","Total, sex","Number","223","units","0","v65927004","13.1.1","462","","","","0"
"2014/2015","Northwest Territories","2016A000261","Total, age","Total, sex","Number","223","units","0","v65927004","13.1.1","414","","","","0"
"2015/2016","Northwest Territories","2016A000261","Total, age","Total, sex","Number","223","units","0","v65927004","13.1.1","369","","","","0"
"2016/2017","Northwest Territories","2016A000261","Total, age","Total, sex","Number","223","units","0","v65927004","13.1.1","372","","","","0"
"2017/2018","Northwest Territories","2016A000261","Total, age","Total, sex","Number","223","units","0","v65927004","13.1.1","351","","","","0"
"2018/2019","Northwest Territories","2016A000261","Total, age","Total, sex","Number","223","units","0","v65927004","13.1.1","336","","","","0"
"2002/2003","Nunavut","2016A000262","Total, age","Total, sex","Number","223","units","0","v65927028","14.1.1","141","","","","0"
"2003/2004","Nunavut","2016A000262","Total, age","Total, sex","Number","223","units","0","v65927028","14.1.1","135","","","","0"
"2004/2005","Nunavut","2016A000262","Total, age","Total, sex","Number","223","units","0","v65927028","14.1.1","180","","","","0"
"2005/2006","Nunavut","2016A000262","Total, age","Total, sex","Number","223","units","0","v65927028","14.1.1","183","","","","0"
"2006/2007","Nunavut","2016A000262","Total, age","Total, sex","Number","223","units","0","v65927028","14.1.1","198","","","","0"
"2007/2008","Nunavut","2016A000262","Total, age","Total, sex","Number","223","units","0","v65927028","14.1.1","210","","","","0"
"2008/2009","Nunavut","2016A000262","Total, age","Total, sex","Number","223","units","0","v65927028","14.1.1","246","","","","0"
"2009/2010","Nunavut","2016A000262","Total, age","Total, sex","Number","223","units","0","v65927028","14.1.1","237","","","","0"
"2010/2011","Nunavut","2016A000262","Total, age","Total, sex","Number","223","units","0","v65927028","14.1.1","228","","","","0"
"2011/2012","Nunavut","2016A000262","Total, age","Total, sex","Number","223","units","0","v65927028","14.1.1","240","","","","0"
"2012/2013","Nunavut","2016A000262","Total, age","Total, sex","Number","223","units","0","v65927028","14.1.1","216","","","","0"
"2013/2014","Nunavut","2016A000262","Total, age","Total, sex","Number","223","units","0","v65927028","14.1.1","207","","","","0"
"2014/2015","Nunavut","2016A000262","Total, age","Total, sex","Number","223","units","0","v65927028","14.1.1","210","","","","0"
"2015/2016","Nunavut","2016A000262","Total, age","Total, sex","Number","223","units","0","v65927028","14.1.1","252","","","","0"
"2016/2017","Nunavut","2016A000262","Total, age","Total, sex","Number","223","units","0","v65927028","14.1.1","294","","","","0"
"2017/2018","Nunavut","2016A000262","Total, age","Total, sex","Number","223","units","0","v65927028","14.1.1","255","","","","0"
"2018/2019","Nunavut","2016A000262","Total, age","Total, sex","Number","223","units","0","v65927028","14.1.1","261","","","","0"


